cohort,msc,patient,age.onset,EEG.onset,seizure.type.onset,delay,smooth.mode,sharp.mode,un.a,un.b,dna.change,aa.change,mut.function,dev.before,dev.after,gender,ofc.birth,ofc.evolution,mri.onset,mri.followup,sudep,AED.efficacy,AED.data,PHT,VPA,CBZ,OXC,LTG,TPM,VNS,LEV,CLN,ZON,ACTH,LD,MDL,GBP,KD,PB,LCM,LGB,VGB,nitrazepam,CLB,RUF,STM,PGN,HC,CANNABIDIOL,STP,GVG,FLB,ESM
Denis et al. 2018,1,Patient 1,43,1,0,126,1,0,0,1,c.424A>G,Ile142Val,0,0,1,1,0,0,0,1,-1,2,1,2,3,3,-1,2,-1,-1,3,-1,-1,-1,-1,-1,-1,3,3,2,-1,4,-1,-1,-1,-1,-1,-1,-1,-1,-1,-1,-1
Denis et al. 2018,1,Patient 2,150,4,1,30,0,1,0,0,c.667A>G,Arg223Gly,0,1,1,0,0,0,1,1,-1,0,1,-1,2,1,-1,2,1,-1,-1,-1,-1,3,-1,-1,-1,-1,3,-1,-1,3,-1,-1,-1,-1,-1,-1,-1,-1,-1,-1,-1
Denis et al. 2018,1,Patient 3,135,4,1,135,0,1,0,0,c.667A>G,Arg223Gly,0,0,1,0,0,0,1,1,-1,2,1,-1,2,-1,-1,-1,3,-1,2,-1,-1,2,-1,-1,-1,3,-1,-1,-1,2,-1,-1,-1,-1,-1,-1,-1,-1,-1,-1,-1
Denis et al. 2018,1,Patient 4,60,2,4,3,0,1,0,0,c.799T>G,Leu267Val,0,1,1,1,1,-1,1,-1,-1,2,1,-1,3,-1,-1,2,2,-1,-1,2,2,-1,-1,-1,-1,-1,2,-1,-1,3,-1,-1,-1,-1,-1,-1,-1,-1,-1,-1,-1
Denis et al. 2018,1,Patient 5,30,0,0,570,1,0,1,0,c.950G>C,Gly317Ala,0,0,2,1,0,0,0,-1,60,0,1,-1,1,3,2,-1,-1,-1,3,-1,-1,-1,-1,-1,-1,-1,-1,-1,-1,-1,-1,-1,-1,-1,-1,-1,-1,-1,-1,-1,-1
Denis et al. 2018,1,Patient 6,6,5,0,120,1,0,0,1,c.1222G>A,Ala408Thr,0,1,1,1,0,1,-1,0,-1,1,1,-1,3,3,-1,3,-1,2,-1,-1,-1,3,-1,-1,-1,3,2,-1,-1,3,-1,-1,-1,-1,2,-1,-1,-1,-1,-1,-1
Denis et al. 2018,1,Patient 7,42,0,0,700,1,0,0,1,c.3943G>A,Val1315Met,0,0,1,1,0,0,-1,0,-1,0,1,-1,1,-1,-1,1,-1,-1,-1,-1,-1,-1,-1,-1,-1,-1,-1,-1,-1,-1,-1,-1,-1,-1,-1,-1,-1,-1,-1,-1,-1
Denis et al. 2018,1,Patient 8,90,-1,0,650,1,0,1,0,c.4351G>A,Gly1451Ser,0,1,1,0,0,0,-1,1,-1,0,1,-1,-1,-1,-1,1,1,-1,-1,-1,-1,-1,-1,-1,-1,-1,-1,-1,-1,-1,-1,-1,-1,-1,-1,-1,-1,-1,-1,-1,-1
Denis et al. 2018,1,Patient 9,1,3,4,90,0,1,0,0,c.5288C>G,Ala1763Gly,0,0,1,1,0,1,0,1,-1,1,0,-1,-1,-1,-1,-1,-1,-1,-1,-1,-1,-1,-1,-1,-1,-1,-1,-1,-1,-1,-1,-1,-1,-1,-1,-1,-1,-1,-1,-1,-1
Denis et al. 2018,1,Patient 10,30,0,4,90,1,0,1,0,c.5614C>T,Arg1872Trp,0,0,2,1,0,1,0,1,-1,0,1,1,-1,-1,-1,1,-1,-1,-1,-1,-1,-1,-1,-1,-1,1,-1,-1,-1,-1,-1,-1,-1,-1,-1,-1,-1,-1,-1,-1,-1
Denis et al. 2018,1,Patient 11,480,3,2,0,0,1,0,0,c.4296A>G,splice1373,1,1,2,1,0,1,0,1,-1,2,1,-1,-1,2,-1,4,-1,-1,-1,-1,2,-1,-1,-1,-1,-1,-1,-1,-1,-1,-1,2,-1,-1,-1,-1,-1,-1,-1,-1,-1
Denis et al. 2018,1,Patient 12,210,3,-1,90,0,1,0,0,c.2543T>G,Leu848Trp,0,0,2,1,0,0,0,1,-1,2,1,3,3,4,-1,-1,3,-1,3,3,-1,-1,-1,-1,-1,2,2,-1,-1,4,-1,-1,-1,-1,-1,-1,-1,-1,-1,-1,-1
Denis et al. 2018,1,Patient 13,32,0,4,-1,1,0,1,0,c.5614C>T,Arg1872Trp,0,0,2,0,0,1,0,1,228,0,1,1,3,1,-1,-1,-1,-1,-1,-1,-1,-1,-1,-1,-1,-1,-1,-1,-1,-1,-1,-1,-1,-1,-1,-1,-1,-1,-1,-1,-1
Denis et al. 2018,1,Patient 14,8,0,0,230,1,0,0,1,c.4408C>A,Gln1470Lys,0,0,2,0,0,0,1,1,-1,0,1,1,3,1,-1,3,-1,-1,3,3,-1,-1,-1,-1,-1,3,1,-1,-1,3,-1,-1,-1,-1,-1,-1,-1,-1,-1,-1,-1
Denis et al. 2018,1,Patient 15,15,0,0,400,1,0,0,1,c.1213T>A,Leu405Met,0,0,2,0,0,0,0,-1,-1,2,1,-1,2,2,-1,-1,-1,-1,-1,-1,-1,-1,-1,-1,-1,-1,2,-1,-1,-1,-1,-1,-1,-1,-1,-1,-1,-1,-1,-1,-1
Denis et al. 2018,1,Patient 16,1,0,0,90,1,0,0,1,c.4408C>A,Gln1470Lys,0,1,1,1,0,0,0,-1,-1,0,1,1,-1,1,-1,-1,-1,-1,-1,3,-1,-1,-1,-1,-1,-1,-1,-1,-1,-1,-1,-1,-1,-1,-1,-1,-1,-1,-1,-1,-1
Denis et al. 2018,1,Patient 17,60,0,5,60,1,0,1,0,c.5614C>T,Arg1872Trp,0,0,1,0,-1,-1,-1,1,-1,0,1,-1,1,2,1,-1,-1,-1,3,-1,-1,-1,-1,-1,-1,-1,2,-1,-1,-1,-1,-1,-1,-1,-1,-1,-1,-1,-1,-1,-1
Denis et al. 2018,1,Patient 18,120,1,2,300,1,0,1,0,c.631G>C,Val211Leu,0,0,2,1,0,0,-1,-1,-1,0,1,-1,3,2,1,4,-1,-1,2,-1,-1,-1,-1,-1,-1,-1,-1,-1,-1,-1,-1,-1,-1,-1,-1,-1,-1,-1,-1,-1,-1
Denis et al. 2018,1,Patient 19,150,4,1,15,0,1,0,0,c.638T>C,Leu213Pro,0,0,2,0,0,0,0,-1,-1,0,1,-1,2,-1,-1,-1,-1,-1,-1,-1,-1,1,-1,-1,-1,-1,-1,-1,-1,2,-1,-1,-1,-1,-1,2,-1,-1,-1,-1,-1